{
  "backend": "cupy",
  "on_gpu": true,
  "integrator": "yoshida4",
  "steps": 500,
  "results": [
    {
      "n_particles": 1000,
      "n_steps": 500,
      "integrator": "yoshida4",
      "wall_s": 2.882108599995263,
      "particle_steps_per_sec": 173484.09424989115,
      "checksum": -86.73939898777192
    },
    {
      "n_particles": 10000,
      "n_steps": 500,
      "integrator": "yoshida4",
      "wall_s": 2.3977897000149824,
      "particle_steps_per_sec": 2085253.7651524476,
      "checksum": 192.98852348277043
    },
    {
      "n_particles": 100000,
      "n_steps": 500,
      "integrator": "yoshida4",
      "wall_s": 2.777271400031168,
      "particle_steps_per_sec": 18003281.926079992,
      "checksum": 466.4809010772542
    },
    {
      "n_particles": 1000000,
      "n_steps": 500,
      "integrator": "yoshida4",
      "wall_s": 5.178438099974301,
      "particle_steps_per_sec": 96554210.0430787,
      "checksum": 7049.072297038037
    }
  ]
}